<?xml version = "1.0" encoding = "utf-8"?>
<!DOCTYPE hibernate-configuration SYSTEM 
"http://www.hibernate.org/dtd/hibernate-configuration-3.0.dtd">
<hibernate-configuration>
	<session-factory>
		<!-- connection properties -->
		<property name="connection.url">jdbc:oracle:thin:@localhost:1521:xe</property>
		<property name="connection.username">rithika</property>
        <property name="connection.password">rithika123</property>
        <property name="connection.driver_class">oracle.jdbc.driver.OracleDriver</property>
		
		<!-- hibernat properties -->
        <property name="hbm2ddl.auto">update</property>

		<!-- create/update -->
		<property name="dialect">org.hibernate.dialect.OracleDialect</property>
        <property name="show_sql">true</property>

		<!-- List of XML mapping files -->
		<mapping resource="hibernate.hbm.xml" />

	</session-factory>
</hibernate-configuration>